rel_path,location,sha256
App/AppDelegate.swift,music,de62e46bdc8e34339668fa0159cb6a92940b98676d9c56476a8d853d7194c96c
App/AppDelegate.swift,merged,5ee88fe6aebc036c5294d9a18621798f7d2deec3031522cefc76eaeee1eafa12
App/AppDelegate.swift,recovered,5ee88fe6aebc036c5294d9a18621798f7d2deec3031522cefc76eaeee1eafa12
App/dontpullupApp.swift,music,d99bd246af454c813cf2dc40e87ad09d41b16a5ace911ac7649510ad8014ff68
App/dontpullupApp.swift,merged,c1070db8e2e8d45c249e8905b0e24f774fb6cf42d627ee81c7863e26eff9eabd
App/dontpullupApp.swift,recovered,c1070db8e2e8d45c249e8905b0e24f774fb6cf42d627ee81c7863e26eff9eabd
ViewModels/AuthViewModel.swift,music,9f01a2d01f9949243e54b618a4fad359df2206b285d301697160e2276d6f1dd3
ViewModels/AuthViewModel.swift,merged,d81e4a01c44d7f4b3e4eba473185ec8685a02e23dbcb3c154eb6d8bd0dede3df
ViewModels/AuthViewModel.swift,recovered,d81e4a01c44d7f4b3e4eba473185ec8685a02e23dbcb3c154eb6d8bd0dede3df
ViewModels/MapViewModel.swift,music,bed4d8dd340cbc054d66e2576a1f45303ad5e5d5c94bfb4a569ad6c2a443fb45
ViewModels/MapViewModel.swift,merged,fc08176eded658d86b46f91ef792c5c0558396e26b0b85ea20df2576bf419ef7
ViewModels/MapViewModel.swift,recovered,fc08176eded658d86b46f91ef792c5c0558396e26b0b85ea20df2576bf419ef7
ViewModels/UserAuthViewModel.swift,music,f05076c1793d0b2aae7c90622a3a25aabd42a1fb8920eadeca7cb6c1b29b5c24
ViewModels/UserAuthViewModel.swift,merged,b48b85f654d90a33db93467d29db19245ffd036ab85b75e1f9448c50ecd9f6c3
ViewModels/UserAuthViewModel.swift,recovered,b48b85f654d90a33db93467d29db19245ffd036ab85b75e1f9448c50ecd9f6c3
Views/AuthView.swift,music,e489a7579ab6e1bcb0e216050072bfa861211c675118d63fda8e589db18aee8f
Views/AuthView.swift,merged,803bc13e8a6c52c41bffadb2645bab5d186a080e78c1ab251712259f68d42952
Views/AuthView.swift,recovered,803bc13e8a6c52c41bffadb2645bab5d186a080e78c1ab251712259f68d42952
Views/MainTabView.swift,music,f9af495210d7046136a812802690b5748f7064be83a76852f7cb2f419181544c
Views/MainTabView.swift,merged,b14e3da5309c88aac236304ab0fe8c0136fba4e4cf3392963ac9848f05f57761
Views/MainTabView.swift,recovered,b14e3da5309c88aac236304ab0fe8c0136fba4e4cf3392963ac9848f05f57761
Views/ProfileView.swift,music,c36e3b28d5de656c69c720f8d23ce688922afd9640baaef2e5264e7bfb1e0394
Views/ProfileView.swift,merged,2a75e8cb00d3b8836714f7d1df9248280c5cc0d1331368d41f4e1ebfc9594dcf
Views/ProfileView.swift,recovered,2a75e8cb00d3b8836714f7d1df9248280c5cc0d1331368d41f4e1ebfc9594dcf
Views/SettingsView.swift,music,24ccf228c71f6cfce9bb8c4f0fbdbbf3c1618cf80ca156b7dae8d9049964b886
Views/SettingsView.swift,merged,ddba9a3a1696b215439c41ac8268250364701ccb7fbb59094881f42bee78583f
Views/SettingsView.swift,recovered,ddba9a3a1696b215439c41ac8268250364701ccb7fbb59094881f42bee78583f
Views/SplashScreen.swift,music,076b40df004e66c765b5cdaef85dbc4a5a179e3108c55d219b06c7ebe870ba61
Views/SplashScreen.swift,merged,2d56519c10ca7d47ec918e68d2079fd56d07d0ab539c7957044f38f9895fa487
Views/SplashScreen.swift,recovered,2d56519c10ca7d47ec918e68d2079fd56d07d0ab539c7957044f38f9895fa487
Views/SupportingViews.swift,music,8972ac3e5b56e17a56ec0d05d02de777f18b3f317100880fb0c834ae7c70c32e
Views/SupportingViews.swift,merged,ef153afa73473ddaceac8f4429900da463954a6ba4d6e2cb2abbf4d7f945edb9
Views/SupportingViews.swift,recovered,ef153afa73473ddaceac8f4429900da463954a6ba4d6e2cb2abbf4d7f945edb9
